HEAD T.I.P. RED 3 PELOTAS DE TENIS,578113,"Los primeros pasos requieren ayuda. La pelota roja HEAD T.I.P. RED sin presión es la pelota perfecta para niños de entre 5 y 8 años que dan sus primeros pasos en la pista. Es considerablemente más blanda, más grande y un 75% más lenta que una pelota de tenis normal con lo que prolonga el tiempo de reacción para golpear con más facilidad y pasárselo mejor. Además, los dos tonos de color rojo y amarillo del fieltro permiten a los niños ver la pelota con más facilidad. La HEAD T.I.P. RED, desarrollada en común con entrenadores y niños, es perfecta para la pequeña pista roja ITF (11m x 5-6m). La pelota es parte del Tennis Instruction Program (T.I.P.) de HEAD, un programa con el único objetivo de ayudar a las jóvenes estrellas a aprender a jugar correctamente y desarrollado en colaboración con la campaña ""Tennis Play and Stay!"" de la Federación Internacional de Tenis.",https://www.amazon.com.mx/HEAD-3-B%C3%A4lle-TIP-rojo/dp/B00LP9VMOI?th=1&psc=1,"https://i.ibb.co/0yn54TZ/578113-2.jpg
https://i.ibb.co/ZGNTPSB/578113-1.png",HEAD,PELOTA TENNIS,
3B Head Frontenis Amarilla,551300,"Están fabricadas de caucho y hule natural, su bote es homogéneo durante mas tiempo y ofrece mayor rendimiento para juegos fluidos, ideal para todo tipo de superficies.
Características Técnicas:
Tubo de plástico con 3 pelotas amarillas
Referencia: 551300",https://www.amazon.com.mx/HEAD-Bote-Pelota-Frontenis-Amarilla/dp/B01IBZKEUG,"https://i.ibb.co/LZ8FMBS/551300-2.png
https://i.ibb.co/Sn9Pb3z/551300-1.png",HEAD,PELOTA FRONTENIS,
"Head Super Comp - Cinta de Agarre para Raqueta de Tenis, Paquete de 3, Color Blanco",285088-WH,"HEAD RENDIMIENTO: Nacido de revolucionar cómo esquiamos y jugamos al tenis, HEAD ha impulsado constantemente el equipo deportivo a la era moderna. Con décadas de experiencia en todos los deportes de raqueta; HEAD no ofrece más que el mejor equipo de tenis del mercado.
Agarre mejorado: hecho de un material de elastómero pegajoso especialmente diseñado, los overgrips de la raqueta de tenis HEAD ofrecen un agarre adicional para más control con cada tiro.
Absorción de humedad: mantén apretado a través de las ralies más intensas con una raqueta de tenis que absorbe el exceso de humedad. Las manos secas significan más precisión cuando más lo necesitas.
Sensación superior: la cinta de agarre de raqueta es un agarre ideal para envolver sobre el mango desgastado de tu raqueta. Recuerda, solo eres tan bueno como tu equipo
Fácil aplicación: cada paquete viene con 3 agarres fáciles de aplicar. Simplemente, encuentra el calcomanía en un extremo del agarre, haz una envoltura completa, luego comienza a superponer trabajando hasta el extremo del mango.",https://www.amazon.com.mx/HEAD-Super-Overgrip-Blanco-Paquete/dp/B000ULPVPI/ref=sr_1_1?__mk_es_MX=%C3%85M%C3%85%C5%BD%C3%95%C3%91&crid=1KMXIZ911KIH3&keywords=724794859650&qid=1700069795&sprefix=724794859650%2Caps%2C211&sr=8-1&ufe=app_do%3Aamzn1.fos.4e545b5e-1d45-498b-8193-a253464ffa47&th=1,"https://i.ibb.co/SyJ7c1H/285088-WH-3.png
https://i.ibb.co/NjqpSmH/285088-WH-2.png
https://i.ibb.co/FxS2NLQ/285088-WH-1.png",HEAD,ACCESORIO TENNIS,
RAQUETA DE TENIS HEAD COCO 21 PARA JÓVENES,233022-05,"Con su diseño colorido y vibrante, la RAQUETA DE TENIS COCO 21 de 21 pulgadas es ideal para niños de entre 4 y 6 años que son nuevos en el tenis. Esta raqueta, que lleva el nombre de la embajadora de HEAD, Coco Gauff, viene con el inserto Damp+, que reduce la vibración. Para aumentar la diversión, la colorida tarjeta en el encabezado de la raqueta tiene un diseño de animal y se puede usar como máscara, y la raqueta también viene con pegatinas.
• Lleva el nombre de Coco Gauff
• Diseño colorido
• El inserto Damp+ reduce la vibración
• Tarjeta de encabezado colorida que se puede usar como máscara
• Calcomanías incluidas",https://www.amazon.com.mx/HEAD-Coco-Raqueta-Tenis-Pulgadas/dp/B001A2ZWJ6/ref=sr_1_1?__mk_es_MX=%C3%85M%C3%85%C5%BD%C3%95%C3%91&crid=2GWBIJDDW8L3F&keywords=724794220498&qid=1700070457&sprefix=724794220498%2Caps%2C140&sr=8-1&ufe=app_do%3Aamzn1.fos.4e545b5e-1d45-498b-8193-a253464ffa47&th=1,"https://i.ibb.co/C53wQgG/233022-05-1.jpg
https://i.ibb.co/d5vDGJM/233022-05-2.jpg
https://i.ibb.co/qsPJhrk/233022-05-4.png",HEAD,RAQUETA TENNIS,
HEAD 225063 Raqueta de Tenis Zephyr UL 2023,225063,"La pala ZEPHYR ULTRA LIGHT, que pesa solo 340 gramos, es el modelo más ligero de la gama ZEPHYR y una de las palas más ligeras del mercado. Esta pala, que permite jugar de forma cómoda y sencilla, es ideal para jugadores jóvenes que pasan de un modelo junior a otro de adultos. Además, también es versátil y se adapta tanto a hombres como a mujeres. Dado que incorpora la tecnología Graphene 360+, ofrece más flexibilidad y sensaciones, mientras que la espuma Power Foam aporta comodidad y asimila mejor los golpes descentrados. Con su nuevo diseño moderno, esta pala llamará la atención de ambos sexos.

• Tecnología Graphene 360+ para más flexibilidad y sensaciones
• El modelo más ligero de la serie ZEPHYR con un peso de solo 340 gramos
• Una de las palas más ligeras del mercado
• Juego cómodo y sencillo
• Espuma Power Foam que aporta comodidad y asimila mejor los golpes descentrados
Forma Redonda
Peso 340 g / 12.0 oz
Tamaño de cabeza 490 cm² / 76 in²
Equilibrio 270.0
Perfil del marco 38 mm / 1.5 in",https://www.amazon.com.mx/HEAD-225063-Raqueta-Zephyr-2023_gr_re/dp/B0BZJG73JJ/ref=sr_1_1?__mk_es_MX=%C3%85M%C3%85%C5%BD%C3%95%C3%91&crid=S39M91LDQRU3&keywords=724794634233&qid=1700071002&sprefix=724794634233%2Caps%2C183&sr=8-1&ufe=app_do%3Aamzn1.fos.8c7b929b-80a3-4a0f-851f-6de37ce634c2,"https://i.ibb.co/wyXhnTg/225063-Zephyr-UL-2023-gr-re-2.jpg
https://i.ibb.co/6DjbgFQ/225063-Zephyr-UL-2023-gr-re-5.jpg
https://i.ibb.co/XsMD8kp/225063-Zephyr-UL-2023-gr-re-4.jpg
https://i.ibb.co/km6kMyN/225063-Zephyr-UL-2023-gr-re-3.jpg",HEAD,RAQUETA TENNIS,
RAQUETA FRONTENIS MASTERPRO BLACK STONE 9.0,603-2,"ILIMITE TU VELOCIDAD: La raqueta de tenis Head Speed PRO está hecha para jugadores de torneos avanzados que buscan un control óptimo para sus juegos rápidos. Recomendado por Novak Djokovic, es parte de una serie más vendida que está diseñada para la velocidad.
Diseño: Con su diseño antracita y negro, está inspirado en la energía y la emoción de las sesiones nocturnas de Nueva York.
AUXÉTICO: Las construcciones auxiliares muestran una deformación única en comparación con las construcciones no auxiliares. Debido a sus propiedades internas, las construcciones auxiliares se ensanchan cuando se aplica una fuerza de ""tirón"" y se contrae cuando se aprieta. Cuanto mayor sea la fuerza aplicada, mayor será la reacción auxiliar.
Especificaciones: sin cuerda. Peso: 12 onzas. Equilibrio - 315 pulgadas. Patrón de cuerda: 18/20. Tamaño de la cabeza: 100 sq. in. Ancho del haz: 23 mm",https://www.amazon.com.mx/HEAD-Speed-PRO-Raqueta-agarre/dp/B0CF3BXZHJ/ref=sr_1_1?__mk_es_MX=%C3%85M%C3%85%C5%BD%C3%95%C3%91&crid=2O0I73J7SNSQO&keywords=master%2Bpro%2B603%2Braqueta%2Bblackstone%2Bfrontenis%2C%2Bnegro&qid=1700086940&sprefix=master%2Bpro%2B603%2Braqueta%2Bblack%2Bstone%2Bfrontenis%2Bnegro%2Caps%2C555&sr=8-1&ufe=app_do%3Aamzn1.fos.4e545b5e-1d45-498b-8193-a253464ffa47&th=1,"https://i.ibb.co/TLTM8g6/603-2-2.png
https://i.ibb.co/9ZNmbgR/603-2-1.png",MASTERPRO,RAQUETA TENNIS,
"Raqueta Power Shot 9.0, Multicolor",569,"Tamaño	Unitalla
Marca	Master Pro
Deporte	Tenis
Material	Grafito
Material del marco	Grafito de alto módulo reforzado.
Material del eje	Grafito de alto módulo reforzado.
Peso del producto	245 Gramos
Acerca de este artículo
La raqueta que mantiene tu echilibrio en el juego
La raqueta que mantendrá tu estabilidad en el juego",https://www.amazon.com.mx/dp/B0C34DSJHL,"https://i.ibb.co/pxVb2v8/569-4.png
https://i.ibb.co/dWLjLqf/569-3.png
https://i.ibb.co/ncg05zT/569-2.png
https://i.ibb.co/T8cPDHD/569.png
https://i.ibb.co/T8cPDHD/569.png",MASTERPRO,RAQUETA FRONTENIS,
"Raqueta Thunder 3.0, Negro/Rojo",558,"Tamaño	Unitalla
Marca	Master Pro
Deporte	Tenis
Material	Grafito
Material del marco	Grafito de alto módulo reforzado.
Material del eje	Grafito de alto módulo reforzado.
Peso del producto	245 Gramos
Acerca de este artículo
La raqueta que mantiene tu echilibrio en el juego
La raqueta que mantendrá tu estabilidad en el juego",https://www.amazon.com.mx/dp/B0C34DFJJR,"https://i.ibb.co/dtsXYGM/558-2.png
https://i.ibb.co/FwMFk0v/558-1.png",MASTERPRO,RAQUETA FRONTENIS,
"Raqueta Titanium 110 7.0, Azul",557,"Tamaño	Unitalla
Marca	Master Pro
Deporte	Tenis
Material	Grafito
Acerca de este artículo
La raqueta que mantiene tu echilibrio en el juego
La raqueta que mantendrá tu estabilidad en el juego",https://www.amazon.com.mx/dp/B0C34CSWTL,"https://i.ibb.co/Hd1mYsn/557-1.png
https://i.ibb.co/DkLcy5g/557-2.png",MASTERPRO,RAQUETA FRONTENIS,
"Raqueta Turbo 4.0, Negro/Azul",625,"Tamaño	Unitalla
Marca	Master Pro
Deporte	Tenis
Material	Grafito
Acerca de este artículo
La raqueta que mantiene tu echilibrio en el juego
La raqueta que mantendrá tu estabilidad en el juego",https://www.amazon.com.mx/dp/B0C34FXBB2,"https://i.ibb.co/pdQSBQC/625-2.png
https://i.ibb.co/xhxPJ1G/625-1.png",MASTERPRO,RAQUETA FRONTENIS,
"Pelota Para Frontón y Raqueta X-Treme, Multicolor",823RJ,"Marca	201 OFICIAL
Material	Caucho
Color	Standard
Peso del producto	44 Gramos
Deporte	Tenis
Acerca de este artículo
Marca 201 OFICIAL
Pelotas Oficiales en: Olimpiadas, Panamericanos, Mundiales, Centro-Americanos y Nacionales",https://www.amazon.com.mx/dp/B0C34G12M9,"https://i.ibb.co/ZN4wkC4/823-1.png
https://i.ibb.co/yPRd97H/823-2.png",201 OFICIAL,PELOTA FRONTON,
Pelota de Iniciación Frontenis (5-8 años),3581,"Marca	201 OFICIAL
Material	Caucho
Color	Standard
Rango de edad (descripción)	Niño pequeño
Peso del producto	43 Gramos
Acerca de este artículo
Marca 201 OFICIAL
Pelotas Oficiales en: Olimpiadas, Panamericanos, Mundiales, Centro-Americanos y Nacionales",https://www.amazon.com.mx/dp/B0C34G2V6C,"https://i.ibb.co/hmGn5s9/3581-2.png
https://i.ibb.co/C2WCMNW/3581-1.png",201 OFICIAL,PELOTA INFANTIL FRONTENIS,
"tas Frontenis (3 Pelotas), Niños y Adultos, Amarilla",1182,"Marca	201 OFICIAL
Material	Caucho
Color	Amarillo
Rango de edad (descripción)	Niños a Adultos
Peso del producto	40 Gramos
Acerca de este artículo
Pelota para Frontenis marca 201 Oficial
Ideal para todo tipo de cancha de Frontenis
1 caja con 3 pelotas
Color amarillo",https://www.amazon.com.mx/201-Oficial-Pelotas-Frontenis-Amarilla/dp/B09YMRKPLQ/ref=sr_1_1?keywords=201+OFICIAL&qid=1700673078&sr=8-1&ufe=app_do%3Aamzn1.fos.4e545b5e-1d45-498b-8193-a253464ffa47,"https://i.ibb.co/QFy5X0h/1182-4.png
https://i.ibb.co/Z2cfX7h/1182-3.png
https://i.ibb.co/sHjRM7G/1182-2.png
https://i.ibb.co/kmNVQzP/1182-1.png",201 OFICIAL,PELOTA FRONTENIS,
Pelota para Squash Extraslow 2 Puntos Amarillos,913,"Marca	201 oficial
Color	negro
Deporte	Squash
Número de artículos	1
Acerca de este artículo
Pelota Marca 201 oficial negra de 2 puntos amarillos para squash extraslow
Pelota oficial en las olimpiadas, panamericanos, mundiales, nacionales
materiales: carbonato de calcio 20% silicatos 30% colorante 10% hule 40%",https://www.amazon.com.mx/201-oficial-Pelota-Extraslow-Amarillos/dp/B0BKHB3N17/ref=sr_1_3?keywords=201+OFICIAL&qid=1700673320&sr=8-3&ufe=app_do%3Aamzn1.fos.4e545b5e-1d45-498b-8193-a253464ffa47,"https://i.ibb.co/6XPpdFN/913-1.png
https://i.ibb.co/mT4Ms1X/913-2.png",201 OFICIAL,PELOTA SQUASH,
Pelota Frontón Jumbo Plus Reglamentaria,1041,"Marca	201 OFICIAL
Material	Caucho
Color	Standard
Rango de edad (descripción)	Adulto
Peso del producto	49 Gramos
Acerca de este artículo
Marca 201 OFICIAL
Pelotas Oficiales en: Olimpiadas, Panamericanos, Mundiales, Centro-Americanos y Nacionales",https://www.amazon.com.mx/dp/B0C34GNQNX,"https://i.ibb.co/jw9g3hM/1041-1.png
https://i.ibb.co/VT3s4Zv/1041-2.png",201 OFICIAL,PELOTA FRONTON,
4BF Pelota para Perro con Bordes Estimulantes Bumpy Ball Grande (Naranja),3379NJ,"Producto 100% Mexicano
Fabricado con hule natural, no es tóxico y está libre de Ftalatos
El hule natural ayuda en la limpieza oral de su mascota y lo ayuda a evitar infecciones bucales a temprana edad
Su textura de ""bolitas"" ayuda a masajear su encía, brindando una sensación de alivio y reducción de estrés
El bote de la Bumpy Ball permite despertar el interés provocando movimientos y reacciones rápidas que lo llevan a emocionarse durante largos periodos",https://www.amazon.com.mx/4BF-Natural-Estimulantes-Colores-Naranja/dp/B08KSJDWSG/ref=sr_1_1?__mk_es_MX=%C3%85M%C3%85%C5%BD%C3%95%C3%91&crid=1OQ3IGAOVVNEP&keywords=4BF&qid=1700088271&sprefix=4bf%2Caps%2C254&sr=8-1&ufe=app_do%3Aamzn1.fos.4e545b5e-1d45-498b-8193-a253464ffa47&th=1,"https://i.ibb.co/YjSDvyy/3379NJ-1.png
https://i.ibb.co/TMb30d7/3379NJ-2.png
https://i.ibb.co/tssDGcj/3379NJ-3.png
https://i.ibb.co/Lz0kZkQ/3379NJ-4.png
https://i.ibb.co/MM18CLQ/3379NJ-5.png",4BF,PELOTA PARA PERRO,
4BF Pelota Rellenable para Perro Crazy Bounce Mediana (Azul),3324AZ4,"Fabricada con hule natural
Producto 100% Mexicano
Pelota para rellenar con premios y croquetas, única con bote irregular
Disponible en varios colores y tamaños
Materiales no tóxicos, libre de ftalatos",https://www.amazon.com.mx/4BF-Pelota-Crazy-Bounce-Mediano/dp/B0727RM77C/ref=sr_1_3?__mk_es_MX=%C3%85M%C3%85%C5%BD%C3%95%C3%91&crid=1OQ3IGAOVVNEP&keywords=4BF&qid=1700088560&sprefix=4bf%2Caps%2C254&sr=8-3&ufe=app_do%3Aamzn1.fos.4e545b5e-1d45-498b-8193-a253464ffa47,"https://i.ibb.co/br2WXwH/3324AZ-1.png
https://i.ibb.co/vVPzd76/3324AZ-2.png
https://i.ibb.co/nrLrH14/3324AZ-3.png
https://i.ibb.co/xhT9H02/3324AZ-4.png",4BF,PELOTA PARA PERRO,
4BF Pelota Rellenable con Jaladera Crazy Bounce Rope Chica (Naranja),3384NJ,"Marca	4BF FOR BEST FRIENDS
Color	Naranja oscuro, naranja claro
Acerca de este artículo
Fabricada con hule natural
Producto 100% Mexicano
Pelota para rellenar con premios y croquetas, única con bote irregular
Disponible en varios colores y tamaños
Materiales no tóxicos, libre de Ftalatos",https://www.amazon.com.mx/4BF-Natural-Rellenable-Colores-Naranja/dp/B08KGWT64R/ref=sr_1_18?__mk_es_MX=%C3%85M%C3%85%C5%BD%C3%95%C3%91&crid=1OQ3IGAOVVNEP&keywords=4BF&qid=1700088560&sprefix=4bf%2Caps%2C254&sr=8-18&ufe=app_do%3Aamzn1.fos.4e545b5e-1d45-498b-8193-a253464ffa47&th=1,"https://i.ibb.co/kGn5bSR/3384NJ-1.png
https://i.ibb.co/ZSQZ46T/3384NJ-2.png
https://i.ibb.co/r5kTfRB/3384NJ-3.png",4BF,PELOTA PARA PERRO,
"4BF FOR BEST FRIENDS 4FB Juguete Mordible de Hule con Cuerda para Perro Tugging Bone (Rojo, Amarillo)",3350RJ,"Marca	4BF FOR BEST FRIENDS
Color	Rojo, Amarillo
Material	Nailon
Nombre del modelo	7501024433506
Cantidad de unidades	1 unidad
Acerca de este artículo
Producto 100% Mexicano
Fabricado con materiales naturales que nos son tóxicos para tu mascota y están libres de Ftalatos
Ideal para entrenar y educar a tu mascota en casa y hacerle saber qué puede morder y qué no
Ejercita constantemente sus músculos lo que provoca su propio fortalecimiento y mejora su salud
La cuerda del juguete permite que la dentificación de su mascota elimine constantemente residuos provocados por los alimentos que consume a diario, lo que previene infecciones y y molestias desde tempranas edades",https://www.amazon.com.mx/4BF-Juguete-Mordible-Natural-Amarillo/dp/B08KRLJ9X3/ref=sr_1_28?__mk_es_MX=%C3%85M%C3%85%C5%BD%C3%95%C3%91&crid=1OQ3IGAOVVNEP&keywords=4BF&qid=1700088560&sprefix=4bf%2Caps%2C254&sr=8-28&ufe=app_do%3Aamzn1.fos.4e545b5e-1d45-498b-8193-a253464ffa47&th=1,"https://i.ibb.co/W6nzjmh/3350RJ-1.png
https://i.ibb.co/PW8tK6v/3350RJ-2.png
https://i.ibb.co/SdxHLp5/3350RJ-3.png",4BF,JUGUETE PARA PERRO,
4BF Juguete para Perro Pelota con Jaladera Mask Collection Diablito para Razas Grandes,3502RJ,"Marca	4BF FOR BEST FRIENDS
Color	Rojo, Amarillo
Material	Algodón
Cantidad de unidades	1.00 unidad
Acerca de este artículo
Producto 100% Mexicano
Fabricado con hule y materiales completamente naturales, además están libres de Ftalatos
El hule natural ayuda en la limpieza oral de su mascota y lo ayuda a evitar infecciones bucales a temprana edad
Puede generar salivación, la cual resulta benéfica ya que puede contribuir a eliminar gérmenes, bacterias y restos de comida de la dentadura de su mascota
El bote de El Diablo, permite despertar el interés provocando movimientos y reacciones rápidas que lo llevan a emocionarse durante largos periodos",https://www.amazon.com.mx/4BF-Pelota-Natural-Mordedera-Algod%C3%B3n/dp/B07PPK2NQ6/ref=sr_1_32?__mk_es_MX=%C3%85M%C3%85%C5%BD%C3%95%C3%91&crid=1OQ3IGAOVVNEP&keywords=4BF&qid=1700088560&sprefix=4bf%2Caps%2C254&sr=8-32&ufe=app_do%3Aamzn1.fos.4e545b5e-1d45-498b-8193-a253464ffa47,"https://i.ibb.co/syjgKQS/3502RJ-1.png
https://i.ibb.co/CmQ9m47/3502RJ-2.png
https://i.ibb.co/sVyNW3y/3502RJ-3.png
https://i.ibb.co/7VdxzKZ/3502RJ-4.png",4BF,JUGUETE PARA PERRO,
Propets Kit De 3 Juguetes Con Morral Para Perros Grandes,7210VC,"PROPETS PRESENTA LOS NUEVOS KITS DE ARTÍCULOS PARA REGALAR A TU MEJOR AMIGO

KIT DE 3 JUGUETES PARA MASCOTAS GRANDES Y GIGANTES

Aprovecha este increíble paquete de juguetes y accesorios para regalar a tu mascota que es miembro más en tu hogar

CONTENIDO DEL KIT
- 1 Morral que podrás llevar a donde quiera que vayas
- 1 Pelota jumbo sólida de hule natural 6.7 cm de diámetro
- 1 Pelota jumbo sólida con jaladera de cuerda
- 1 Hueso jumbo sólido de hule natural

El kit ideal para regalar a la mascota que tanto quieres, cada uno de los artículos forman parte de una buena elección para llevarlos de forma sencilla en la mochila incluida con cuerdas ajustables
* El diseño de la pelota jumbo logra soportar las mordidas potentes que tu mascota pueda llegar a darle, además de que estimula completamente sus músculos volviéndose más hábil y estar atento en todo momento
* El hueso jumbo es una buena opción para que tu mascota comience a eliminar el estrés que suelen acumular debido a los ratos que se la pasa encerrado, de este modo se mantendrá entretenido por largos periodos de tiempo
* ¡La salud bucal de tu macota es muy importante! Por esa razón, el diseño de la pelota con jaladera funge como mordedera que gracias a loa cuerda limpia las encías y eliminan residuos de alimento que suelen acumular, esto disminuye el riesgo de contraer infecciones bucales a tempranas edades.",https://articulo.mercadolibre.com.mx/MLM-1377732689-propets-kit-de-3-juguetes-con-morral-para-perros-grandes-_JM#position=2&search_layout=stack&type=item&tracking_id=376c7af8-72b3-48bb-9463-14851413660e,"https://i.ibb.co/8XYfK3W/7210VC-1.png
https://i.ibb.co/fxzGnqD/7210VC-2.png
https://i.ibb.co/zRdY5pd/7210VC-3.png
https://i.ibb.co/yRfhf6F/7210VC-4.png",PROPETS,JUGUETE PARA PERRO,
Contenedor Con 600 Bolsas Para Desechos De Mascota Propets,7222VC,"PROPETS Contenedor con 600 Bolsitas Biodegradables de Varios Colores

Estas bolsitas utilizan la tecnología ECO - ONE. Es un aditivo orgánico que vuelve al plástico biodegradable y este comienza a biodegradarse una vez que culmina su vida útil y entra en contacto con todos los demás desechos volviéndose un desecho orgánico para el medio ambiente

° Fabricado con polietileno de alta densidad 100% biodegradable y reciclable
° Bolsitas altamente resistentes con un espesor de calibre 50, bolsitas muy fácil de cortar
° Recomendado para cualquier raza y tamaño, ideales para portar en paseos con tu mascota
° Medidas de las bolsas: *30cm *20cm
° El contenedor te ayuda a mantener en orden las bolsitas y no regarlas por otro lado, además de que lo puedes volver a llenar una vez que se hayan terminado.

Marca: PROPETS

Contenedor surtido con 600 bolsas de varios colores",https://articulo.mercadolibre.com.mx/MLM-824874829-contenedor-con-600-bolsas-para-desechos-de-mascota-propets-_JM#position=52&search_layout=stack&type=item&tracking_id=260dd5bf-3d84-486e-9515-0e719c2b3499,"https://i.ibb.co/LtS0dp7/7222VC-1.png
https://i.ibb.co/TchDmGd/7222VC-2.png
https://i.ibb.co/XyTkHmz/7222VC-3.png
https://i.ibb.co/BNnbxqh/7222VC-4.png
https://i.ibb.co/jw39Zv8/7222VC-5.png",PROPETS,BOLSA PARA DESECHOS,
Pelota Blanda De Hule Natural P/perro Con Cascabel Pro Pets,7001AN,"PROPETS Pelota Blanda de Hule Natural con Cascabel, Varios Colores Disponibles

° Fabricado con hule 100% natural, No tóxico para tu mascota
° Medidas *5.6cm de diámetro
° Recomendado para perros chicos y medianos en entrenamiento o para aquellos que les encanta entretenerse con juguetes
° La textura suave de la pelota ayuda a tu mascota a estimular su dentificación, evitando que sienta molestias en este proceso.

Marca: PROPETS

Colores Disponibles: Rosa, Verde // Naranja, Azul // Amarillo, Morado",https://articulo.mercadolibre.com.mx/MLM-824655890-pelota-blanda-de-hule-natural-pperro-con-cascabel-pro-pets-_JM?attributes=COLOR_SECONDARY_COLOR%3AQVpVTCwgTkFSQU5KQQ%3D%3D&quantity=1,"https://i.ibb.co/FnL90vQ/7001AN-1.png
https://i.ibb.co/tK6wF4S/7001AN-2.png",PROPETS,JUGUETE PARA PERRO,
Juguete Mordible Para Perro Pelotas Con Cuerda Med Pro Pets,7080AM,"PROPETS Juego de Pelotas Mediano de Hule Natural con Cuerda, Varios Colores Disponibles

° Fabricado con hule 100% natural, No tóxico para tu mascota
° Recomendado para perros juguetones y/o para calmar la ansiedad
° Medidas *25cm *4cm *4cm
° La cuerda en esta mordedera ayuda a limpiar efectivamente las encías de tu perro, lo que evita que contraiga infecciones bucales a tempranas edades
° La textura de las pelotas suaves estimula y relaja a tu perro, gracias a la sensación que provocan al ser mordidas

Marca: PROPETS

Colores Disponibles: Rosa, Verde // Naranja, Azul // Amarillo, Morado",https://articulo.mercadolibre.com.mx/MLM-832356152-juguete-mordible-para-perro-pelotas-con-cuerda-med-pro-pets-_JM#position=10&search_layout=stack&type=item&tracking_id=27621b9f-fd28-4a3e-8ca4-77f62d7dce75,https://i.ibb.co/HdX4gkT/7078RV-1.png,PROPETS,JUGUETE PARA PERRO,
Juguete Para perro 12 Pack Pelotas De Felpa De Colores Pro Pets,7010VC,"PROPETS Set de 12 Pelotas Afelpadas, Varios Colores

° Fabricado con hule 100% natural y forradas de felpa, materiales no tóxicos para tu perro
° Medidas *6.5cm de diámetro
° Recomendado para perros en entrenamiento o para aquellos que les encanta entretenerse con juguetes
° La textura suave de la pelota ayuda a tu mascota a estimular su dentificación, evitando que sienta molestias en este proceso.
° La felpa ayuda a eliminar residuos que llegan a quedar por los alimentos, esto evita que tu perro contraiga infecciones bucales a tempranas edades

Marca: PROPETS

Variedad de colores en el paquete",https://articulo.mercadolibre.com.mx/MLM-810095856-juguete-pperro-12-pack-pelotas-de-felpa-de-colores-pro-pets-_JM#position=13&search_layout=stack&type=item&tracking_id=7ae4d09f-f27d-482f-8805-ea2c48b661e4,https://i.ibb.co/ngrsqR9/7010-VC-1.png,PROPETS,PELOTA PARA PERRO,
Topes Cuadrados A,CUADRADO A,"Tope Cuadrado A:
Peso: 1.2 Kg
Resistencia: 2 Ton

Fórmula especial, para mayor resistencia durabilidad.
Absorción de energía, dándote mayor seguridad y menor daño a tu vehículo.
Gama de colores ilimitada.  

Recomendaciones:

1. Si lavas tu vehículo, limpia tus topes.
2. Cada vez que uses un protector para tus llantas (ArmorAll)
aplícalo también a tus topes. Asegurando mayor resistencia, durabilidad y dándole brillo.

Dureza Shore A : 42

Resistencia a la compresión: 

PPromedio =1500 Kg
δ Promedio= 3.0 cm
σPromedio = 54.23 Kg/cm2
εPromedio = 0.705
%εPromedio= 70.5 %

Temperatura de fragilidad:

Se llevó hasta los 23ºC, sin problemas de fragilidad en el
material.

Expansión térmica: 1.18%

Contracción térmica: 1.38%

Congelamiento y descongelamiento: 

Se llevó hasta los 23ºC, sin problemas de fragilidad en el
material.

Resistencia a la tensión: 

PPromedio =1500 Kg
δ Promedio= 3.0 cm
σPromedio = 54.23 Kg/cm2
εPromedio = 0.705
%εPromedio= 70.5 %

Densidad: 
1.056g/cm3",https://www.x-trucks.com.mx/catalogo,"https://i.ibb.co/rZc9HW0/Tope-Cuadrado-A-8.png
https://i.ibb.co/LJTHBPR/Tope-Cuadrado-A-7.png
https://i.ibb.co/dkSJHDm/Tope-Cuadrado-A-6.png
https://i.ibb.co/3dr7TwR/Tope-Cuadrado-A-5.png
https://i.ibb.co/0DBggxH/Tope-Cuadrado-A-4.png
https://i.ibb.co/Wg9yLXG/Tope-Cuadrado-A-3.png
https://i.ibb.co/1qwKbY3/Tope-Cuadrado-A-2.png
https://i.ibb.co/LrBrTjB/Tope-Cuadrado-A-1.png",x-TRUCKS,TOPE CUADRADO,
Topes Cuadrados B,CUADRADO B,"Tope Cuadrado B:
Peso: 1.3 Kg
Resistencia: 2.5 Ton

Fórmula especial, para mayor resistencia durabilidad.
Absorción de energía, dándote mayor seguridad y menor daño a tu vehículo.
Gama de colores ilimitada.  

Recomendaciones:

1. Si lavas tu vehículo, limpia tus topes.
2. Cada vez que uses un protector para tus llantas (ArmorAll)
aplícalo también a tus topes. Asegurando mayor resistencia, durabilidad y dándole brillo.

Dureza Shore A : 42

Resistencia a la compresión: 

PPromedio =1500 Kg
δ Promedio= 3.0 cm
σPromedio = 54.23 Kg/cm2
εPromedio = 0.705
%εPromedio= 70.5 %

Temperatura de fragilidad:

Se llevó hasta los 23ºC, sin problemas de fragilidad en el
material.

Expansión térmica: 1.18%

Contracción térmica: 1.38%

Congelamiento y descongelamiento: 

Se llevó hasta los 23ºC, sin problemas de fragilidad en el
material.

Resistencia a la tensión: 

PPromedio =1500 Kg
δ Promedio= 3.0 cm
σPromedio = 54.23 Kg/cm2
εPromedio = 0.705
%εPromedio= 70.5 %

Densidad: 
1.056g/cm3",https://www.x-trucks.com.mx/catalogo,"https://i.ibb.co/DGJQmN6/Tope-Cuadrado-B-1.png
https://i.ibb.co/JqFYnWR/Tope-Cuadrado-B-2.png
https://i.ibb.co/hWfNbpY/Tope-Cuadrado-B-3.png
https://i.ibb.co/SrhYfQ5/Tope-Cuadrado-B-4.png
https://i.ibb.co/HXK3DZr/Tope-Cuadrado-B-5.png
https://i.ibb.co/3c4nVvf/Tope-Cuadrado-B-6.png
https://i.ibb.co/YZvqzs1/Tope-Cuadrado-B-7.png",x-TRUCKS,TOPE CUADRADO,
Topes Cuadrados C,CUADRADO C,"Tope Cuadrado C:
Peso: 2.1 Kg
Resistencia: 4 Ton

Fórmula especial, para mayor resistencia durabilidad.
Absorción de energía, dándote mayor seguridad y menor daño a tu vehículo.
Gama de colores ilimitada.  

Recomendaciones:

1. Si lavas tu vehículo, limpia tus topes.
2. Cada vez que uses un protector para tus llantas (ArmorAll)
aplícalo también a tus topes. Asegurando mayor resistencia, durabilidad y dándole brillo.

Dureza Shore A : 42

Resistencia a la compresión: 

PPromedio =1500 Kg
δ Promedio= 3.0 cm
σPromedio = 54.23 Kg/cm2
εPromedio = 0.705
%εPromedio= 70.5 %

Temperatura de fragilidad:

Se llevó hasta los 23ºC, sin problemas de fragilidad en el
material.

Expansión térmica: 1.18%

Contracción térmica: 1.38%

Congelamiento y descongelamiento: 

Se llevó hasta los 23ºC, sin problemas de fragilidad en el
material.

Resistencia a la tensión: 

PPromedio =1500 Kg
δ Promedio= 3.0 cm
σPromedio = 54.23 Kg/cm2
εPromedio = 0.705
%εPromedio= 70.5 %

Densidad: 
1.056g/cm3",https://www.x-trucks.com.mx/catalogo,"https://i.ibb.co/VxhfZ8H/Tope-Cuadrado-C-4.png
https://i.ibb.co/ynggL84/Tope-Cuadrado-C-3.png
https://i.ibb.co/k1hzckF/Tope-Cuadrado-C-2.png
https://i.ibb.co/HP6v03p/Tope-Cuadrado-C-1.png",x-TRUCKS,TOPE CUADRADO,
Tope Esquinero A,ESQUINERO A,"Tope Esquinero A:
Peso: 1.4 Kg
Resistencia: 3 Ton (1.5 Ton de cada lado)

Fórmula especial, para mayor resistencia durabilidad.
Absorción de energía, dándote mayor seguridad y menor daño a tu vehículo.
Gama de colores ilimitada.  

Recomendaciones:

1. Si lavas tu vehículo, limpia tus topes.
2. Cada vez que uses un protector para tus llantas (ArmorAll)
aplícalo también a tus topes. Asegurando mayor resistencia, durabilidad y dándole brillo.

Dureza Shore A : 42

Resistencia a la compresión: 

PPromedio =1500 Kg
δ Promedio= 3.0 cm
σPromedio = 54.23 Kg/cm2
εPromedio = 0.705
%εPromedio= 70.5 %

Temperatura de fragilidad:

Se llevó hasta los 23ºC, sin problemas de fragilidad en el
material.

Expansión térmica: 1.18%

Contracción térmica: 1.38%

Congelamiento y descongelamiento: 

Se llevó hasta los 23ºC, sin problemas de fragilidad en el
material.

Resistencia a la tensión: 

PPromedio =1500 Kg
δ Promedio= 3.0 cm
σPromedio = 54.23 Kg/cm2
εPromedio = 0.705
%εPromedio= 70.5 %

Densidad: 
1.056g/cm3",https://www.x-trucks.com.mx/catalogo,"https://i.ibb.co/BKF2vrv/Tope-Esquinero-A-2.png
https://i.ibb.co/tL93P0J/Tope-Esquinero-A-1.png",x-TRUCKS,TOPES ESQUINEROS,
Tope Esquinero B,ESQUINERO B,"Tope Esquinero B:
Peso: 1.4 Kg
Resistencia: 4 Ton (2 Ton de cada lado)

Fórmula especial, para mayor resistencia durabilidad.
Absorción de energía, dándote mayor seguridad y menor daño a tu vehículo.
Gama de colores ilimitada.  

Recomendaciones:

1. Si lavas tu vehículo, limpia tus topes.
2. Cada vez que uses un protector para tus llantas (ArmorAll)
aplícalo también a tus topes. Asegurando mayor resistencia, durabilidad y dándole brillo.

Dureza Shore A : 42

Resistencia a la compresión: 

PPromedio =1500 Kg
δ Promedio= 3.0 cm
σPromedio = 54.23 Kg/cm2
εPromedio = 0.705
%εPromedio= 70.5 %

Temperatura de fragilidad:

Se llevó hasta los 23ºC, sin problemas de fragilidad en el
material.

Expansión térmica: 1.18%

Contracción térmica: 1.38%

Congelamiento y descongelamiento: 

Se llevó hasta los 23ºC, sin problemas de fragilidad en el
material.

Resistencia a la tensión: 

PPromedio =1500 Kg
δ Promedio= 3.0 cm
σPromedio = 54.23 Kg/cm2
εPromedio = 0.705
%εPromedio= 70.5 %

Densidad: 
1.056g/cm3",https://www.x-trucks.com.mx/catalogo,"https://i.ibb.co/N1fwzn0/Tope-Esquinero-B-1.png
https://i.ibb.co/RyzCJBy/Tope-Esquinero-B-2.png",x-TRUCKS,TOPES ESQUINEROS,
Tope Largo A,LARGO A,"Tope Largo A:
Peso: 1.5 Kg
Resistencia: 3.5 Ton

Fórmula especial, para mayor resistencia durabilidad.
Absorción de energía, dándote mayor seguridad y menor daño a tu vehículo.
Gama de colores ilimitada.  

Recomendaciones:

1. Si lavas tu vehículo, limpia tus topes.
2. Cada vez que uses un protector para tus llantas (ArmorAll)
aplícalo también a tus topes. Asegurando mayor resistencia, durabilidad y dándole brillo.

Dureza Shore A : 42

Resistencia a la compresión: 

PPromedio =1500 Kg
δ Promedio= 3.0 cm
σPromedio = 54.23 Kg/cm2
εPromedio = 0.705
%εPromedio= 70.5 %

Temperatura de fragilidad:

Se llevó hasta los 23ºC, sin problemas de fragilidad en el
material.

Expansión térmica: 1.18%

Contracción térmica: 1.38%

Congelamiento y descongelamiento: 

Se llevó hasta los 23ºC, sin problemas de fragilidad en el
material.

Resistencia a la tensión: 

PPromedio =1500 Kg
δ Promedio= 3.0 cm
σPromedio = 54.23 Kg/cm2
εPromedio = 0.705
%εPromedio= 70.5 %

Densidad: 
1.056g/cm3",https://www.x-trucks.com.mx/catalogo,https://i.ibb.co/1G6373s/Tope-Largo-A-1.png,x-TRUCKS,TOPE LARGO,
Tope Largo B,LARGO B,"Tope Largo B:
Peso: 2.1 Kg
Resistencia: 5 Ton

Fórmula especial, para mayor resistencia durabilidad.
Absorción de energía, dándote mayor seguridad y menor daño a tu vehículo.
Gama de colores ilimitada.  

Recomendaciones:

1. Si lavas tu vehículo, limpia tus topes.
2. Cada vez que uses un protector para tus llantas (ArmorAll)
aplícalo también a tus topes. Asegurando mayor resistencia, durabilidad y dándole brillo.

Dureza Shore A : 42

Resistencia a la compresión: 

PPromedio =1500 Kg
δ Promedio= 3.0 cm
σPromedio = 54.23 Kg/cm2
εPromedio = 0.705
%εPromedio= 70.5 %

Temperatura de fragilidad:

Se llevó hasta los 23ºC, sin problemas de fragilidad en el
material.

Expansión térmica: 1.18%

Contracción térmica: 1.38%

Congelamiento y descongelamiento: 

Se llevó hasta los 23ºC, sin problemas de fragilidad en el
material.

Resistencia a la tensión: 

PPromedio =1500 Kg
δ Promedio= 3.0 cm
σPromedio = 54.23 Kg/cm2
εPromedio = 0.705
%εPromedio= 70.5 %

Densidad: 
1.056g/cm3",https://www.x-trucks.com.mx/catalogo,https://i.ibb.co/85TnyX7/Tope-Largo-b-1.png,x-TRUCKS,TOPE LARGO,
Tope Estacionamiento A,ESTACIONAMIENTO A,"Tope Estacionamiento A:
Peso: 4.4 Kg
Resistencia: 10 Ton

Fórmula especial, para mayor resistencia durabilidad.
Absorción de energía, dándote mayor seguridad y menor daño a tu vehículo.
Gama de colores ilimitada.  

Recomendaciones:

1. Si lavas tu vehículo, limpia tus topes.
2. Cada vez que uses un protector para tus llantas (ArmorAll)
aplícalo también a tus topes. Asegurando mayor resistencia, durabilidad y dándole brillo.

Dureza Shore A : 42

Resistencia a la compresión: 

PPromedio =1500 Kg
δ Promedio= 3.0 cm
σPromedio = 54.23 Kg/cm2
εPromedio = 0.705
%εPromedio= 70.5 %

Temperatura de fragilidad:

Se llevó hasta los 23ºC, sin problemas de fragilidad en el
material.

Expansión térmica: 1.18%

Contracción térmica: 1.38%

Congelamiento y descongelamiento: 

Se llevó hasta los 23ºC, sin problemas de fragilidad en el
material.

Resistencia a la tensión: 

PPromedio =1500 Kg
δ Promedio= 3.0 cm
σPromedio = 54.23 Kg/cm2
εPromedio = 0.705
%εPromedio= 70.5 %

Densidad: 
1.056g/cm3",https://www.x-trucks.com.mx/catalogo,https://i.ibb.co/2vdHYNX/Tope-Estacionamiento-A.png,x-TRUCKS,TOPE ESTACIONAMIENTO,
Pelota Golden Squash Extra Slow Blanca,915,"Marca	201 OFICIAL
Material	Caucho
Color	Blanca
Peso del producto	24 Gramos
Deporte	Squash
Acerca de este artículo
Marca 201 OFICIAL
Pelotas Oficiales en: Olimpiadas, Panamericanos, Mundiales, Centro-Americanos y Nacionales",https://www.amazon.com.mx/dp/B0C34F92R3,"https://i.ibb.co/3YQX99J/915-2.png
https://i.ibb.co/6PPWN7n/915-1.png",201 OFICIAL,PELOTA SQUASH,
Pelota Frontón Jumbo Reglamentaria,0.041,"Marca	201 OFICIAL
Material	Caucho
Color	Standard
Rango de edad (descripción)	Adulto
Peso del producto	58 Gramos
Acerca de este artículo
Marca 201 OFICIAL
Pelotas Oficiales en: Olimpiadas, Panamericanos, Mundiales, Centro-Americanos y Nacionales",https://www.amazon.com.mx/dp/B0C34F1T51,"https://i.ibb.co/rk8gcQx/041-2.png
https://i.ibb.co/JyNywpk/041-1.png",201 OFICIAL,PELOTA FRONTON,
Pelota Paleta Argentina,200,"Marca	201 OFICIAL
Material	Caucho
Color	Standard
Rango de edad (descripción)	Adulto
Peso del producto	39 Gramos
Acerca de este artículo
Marca 201 OFICIAL
Pelotas Oficiales en: Olimpiadas, Panamericanos, Mundiales, Centro-Americanos y Nacionales",https://www.amazon.com.mx/dp/B0C34G2396,"https://i.ibb.co/1GRdGbm/200-2.png
https://i.ibb.co/xYMrwMK/200-1.png",201 OFICIAL,PELOTA PALETA,
Pelota de Iniciación Frontenis (9-10 años),3581,"Marca	201 OFICIAL
Material	Caucho
Color	Standard
Rango de edad (descripción)	Niño grande
Peso del producto	25 Gramos
Acerca de este artículo
Marca 201 OFICIAL
Pelotas Oficiales en: Olimpiadas, Panamericanos, Mundiales, Centro-Americanos y Nacionales",https://www.amazon.com.mx/dp/B0C34FNM36,"https://i.ibb.co/qstZvZH/3582-2.png
https://i.ibb.co/9rTHD28/3582-1.png",201 OFICIAL,PELOTA FRONTENIS,
Pelota Squash Xtreme 2 Puntos Amarillo,1102,"Marca	201 OFICIAL
Material	Caucho
Color	Amarillo
Peso del producto	22 Gramos
Deporte	Squash
Acerca de este artículo
Marca 201 OFICIAL
Pelotas Oficiales en: Olimpiadas, Panamericanos, Mundiales, Centro-Americanos y Nacionales",https://www.amazon.com.mx/dp/B0C34G8M41,"https://i.ibb.co/NNXLwcV/1102-2.png
https://i.ibb.co/y0NL2PJ/1102-1.png",201 OFICIAL,PELOTA SQUASH,
Pelota Frontenis X-Treme,803,"Marca	201 OFICIAL
Material	Caucho
Color	Standard
Rango de edad (descripción)	Adulto
Peso del producto	40 Gramos
Acerca de este artículo
Marca 201 OFICIAL
Pelotas Oficiales en: Olimpiadas, Panamericanos, Mundiales, Centro-Americanos y Nacionales",https://www.amazon.com.mx/dp/B0C34D8KT1,"https://i.ibb.co/DLKK2wF/803-2.png
https://i.ibb.co/vxM7yPT/803.png",201 OFICIAL,PELOTA FRONTENIS,
"Pelota Frontón Raqueta X-Treme, Multicolor (Azu-BCO)",823AZ,"Marca	201 OFICIAL
Material	Caucho
Color	Azul
Peso del producto	44 Gramos
Deporte	Tenis
Acerca de este artículo
Marca 201 OFICIAL
Pelotas Oficiales en: Olimpiadas, Panamericanos, Mundiales, Centro-Americanos y Nacionales",https://www.amazon.com.mx/dp/B0C34GB515,"https://i.ibb.co/vvXpt8F/823AZ-2.png
https://i.ibb.co/6N9JJ29/823AZ-1.png",201 OFICIAL,PELOTA FRONTON,
Pelota Squash Xtreme Punto Verde,1101,"Marca	201 OFICIAL
Material	Caucho
Color	Verde
Peso del producto	24 Gramos
Deporte	Squash
Acerca de este artículo
Marca 201 OFICIAL
Pelotas Oficiales en: Olimpiadas, Panamericanos, Mundiales, Centro-Americanos y Nacionales",https://www.amazon.com.mx/dp/B0C34G35C1,"https://i.ibb.co/TPFpr5S/1101-2.png
https://i.ibb.co/d6ph5MN/1101-1.png",201 OFICIAL,PELOTA SQUASH,
"Pelota Frontón Raqueta X-Treme, Multicolor (Nja/BCO)",823NJ,"Marca	201 OFICIAL
Material	Caucho
Color	Multicolor
Peso del producto	44 Gramos
Deporte	Tenis
Acerca de este artículo
Marca 201 OFICIAL
Pelotas Oficiales en: Olimpiadas, Panamericanos, Mundiales, Centro-Americanos y Nacionales",https://www.amazon.com.mx/dp/B0C34D6371,"https://i.ibb.co/SRCSKYm/823NJ-2.png
https://i.ibb.co/f1j9VC6/823NJ-1.png",201 OFICIAL,PELOTA FRONTON,
Pelota Squash Blanda Rapida,0.024,"Marca	201 OFICIAL
Material	Caucho
Color	Standard
Peso del producto	24 Gramos
Deporte	Squash
Acerca de este artículo
Marca 201 OFICIAL
Pelotas Oficiales en: Olimpiadas, Panamericanos, Mundiales, Centro-Americanos y Nacionales",https://www.amazon.com.mx/dp/B0C34GV3MK,"https://i.ibb.co/19hfmZN/024-5.png
https://i.ibb.co/5R84yjW/024-4.png
https://i.ibb.co/t3Q1yJQ/024-3.png
https://i.ibb.co/vmG18gm/024-2.png
https://i.ibb.co/2n3W6BT/024-1.png",201 OFICIAL,PELOTA SQUASH,
Pelota Frontenis Plus,0.001,"Marca	201 OFICIAL
Material	Caucho
Color	Standard
Peso del producto	43 Gramos
Deporte	Tenis
Acerca de este artículo
Marca 201 OFICIAL
Pelotas Oficiales en: Olimpiadas, Panamericanos, Mundiales, Centro-Americanos y Nacionales",https://www.amazon.com.mx/dp/B0C34FH895,"https://i.ibb.co/643HgGy/001-2.png
https://i.ibb.co/yBwd7YY/001-1.png",201 OFICIAL,PELOTA FRONTENIS,
Pelota Rellenable De Hule Natural Para Perro Ch Marca 4fb (Azul),3318AZ,"Fabricada con hule natural
Producto 100% Mexicano
Pelota para rellenar con premios y croquetas
Bote irregular debido a las diferentes densidades de hule natural distribuido en su circunferencia
Disponible en varios colores y tamaños
Fácil de limpiar
Materiales no tóxicos, libre de Ftalatos
No daña la dentadura de tu mascota

**INDICACIONES:
Rellene con el snack preferido de su mascota
Puede rellenar con croquetas y alimento húmedo
Una forma deliciosa y divertida de entretener a tu mascota, es untar en el interior de la Crazy Bounce, un poco de crema de maní, meterla una noche antes al congelador y al día siguiente dársela. Pasará horas derritiendo su delicioso premio
Usar bajo supervisión, la garantía puede no ser válida en caso de que el juguete se use con una mascota de tamaño diferente al especificado
Lavar después de cada uso
De preferencia no dejar el producto expuesto al sol por largos periodos de tiempo, cuando no esté en uso, esto beneficiará su durabilidad
Tamaño ideal para razas pequeñas y cachorros
Es un juguete para perros, no apto para niños

**BENEFICIOS.
""El hule natural ayuda en la limpieza oral de su mascota y lo ayuda a evitar infecciones bucales a temprana edad
Puede generar salivación, la cual resulta benéfica ya que ayuda a eliminar gérmenes, bacterias y restos de comida de la dentadura de su mascota
El bote irregular de la Crazy Bounce permite despertar el interés provocando movimientos y reacciones rápidas que lo llevan a emocionarse durante largos periodos
Beneficia su ejercitación y fortalecimiento muscular en gran proporción y lo mantienen mucho más saludable y en las mejores condiciones
Por su forma, la Crazy Bounce se mantiene en movimiento por más tiempo, así que su mascota puede pasar horas tratando de sacar los premios sin que la pelota se quede estática",https://articulo.mercadolibre.com.mx/MLM-809402256-pelota-rellenable-de-hule-natural-para-perro-ch-marca-4fb-_JM,"https://i.ibb.co/S39V0MG/3318AZ-4.jpg
https://i.ibb.co/gFrfZNJ/3318AZ-3.jpg
https://i.ibb.co/P17q2Kd/3318AZ-2.jpg
https://i.ibb.co/qxNDLQ8/3318AZ-1.jpg",4BF,PELOTA RELLENABLE PARA PERRO,
Pelota Rellenable De Hule Natural Para Perro Ch Marca 4fb (Verde),3319VD,"Fabricada con hule natural
Producto 100% Mexicano
Pelota para rellenar con premios y croquetas
Bote irregular debido a las diferentes densidades de hule natural distribuido en su circunferencia
Disponible en varios colores y tamaños
Fácil de limpiar
Materiales no tóxicos, libre de Ftalatos
No daña la dentadura de tu mascota

**INDICACIONES:
Rellene con el snack preferido de su mascota
Puede rellenar con croquetas y alimento húmedo
Una forma deliciosa y divertida de entretener a tu mascota, es untar en el interior de la Crazy Bounce, un poco de crema de maní, meterla una noche antes al congelador y al día siguiente dársela. Pasará horas derritiendo su delicioso premio
Usar bajo supervisión, la garantía puede no ser válida en caso de que el juguete se use con una mascota de tamaño diferente al especificado
Lavar después de cada uso
De preferencia no dejar el producto expuesto al sol por largos periodos de tiempo, cuando no esté en uso, esto beneficiará su durabilidad
Tamaño ideal para razas pequeñas y cachorros
Es un juguete para perros, no apto para niños

**BENEFICIOS.
""El hule natural ayuda en la limpieza oral de su mascota y lo ayuda a evitar infecciones bucales a temprana edad
Puede generar salivación, la cual resulta benéfica ya que ayuda a eliminar gérmenes, bacterias y restos de comida de la dentadura de su mascota
El bote irregular de la Crazy Bounce permite despertar el interés provocando movimientos y reacciones rápidas que lo llevan a emocionarse durante largos periodos
Beneficia su ejercitación y fortalecimiento muscular en gran proporción y lo mantienen mucho más saludable y en las mejores condiciones
Por su forma, la Crazy Bounce se mantiene en movimiento por más tiempo, así que su mascota puede pasar horas tratando de sacar los premios sin que la pelota se quede estática",https://articulo.mercadolibre.com.mx/MLM-809402256-pelota-rellenable-de-hule-natural-para-perro-ch-marca-4fb-_JM,"https://i.ibb.co/Jcn76ZW/3319VD-1.jpg
https://i.ibb.co/gS2ndqB/3319VD-4.jpg
https://i.ibb.co/cbpwrdF/3319VD-3.jpg
https://i.ibb.co/0t0cSD2/3319VD-2.jpg",4BF,PELOTA RELLENABLE PARA PERRO,
Pelota Rellenable De Hule Natural Para Perro Ch Marca 4fb (Rojo),3320RJ,"Fabricada con hule natural
Producto 100% Mexicano
Pelota para rellenar con premios y croquetas
Bote irregular debido a las diferentes densidades de hule natural distribuido en su circunferencia
Disponible en varios colores y tamaños
Fácil de limpiar
Materiales no tóxicos, libre de Ftalatos
No daña la dentadura de tu mascota

**INDICACIONES:
Rellene con el snack preferido de su mascota
Puede rellenar con croquetas y alimento húmedo
Una forma deliciosa y divertida de entretener a tu mascota, es untar en el interior de la Crazy Bounce, un poco de crema de maní, meterla una noche antes al congelador y al día siguiente dársela. Pasará horas derritiendo su delicioso premio
Usar bajo supervisión, la garantía puede no ser válida en caso de que el juguete se use con una mascota de tamaño diferente al especificado
Lavar después de cada uso
De preferencia no dejar el producto expuesto al sol por largos periodos de tiempo, cuando no esté en uso, esto beneficiará su durabilidad
Tamaño ideal para razas pequeñas y cachorros
Es un juguete para perros, no apto para niños

**BENEFICIOS.
""El hule natural ayuda en la limpieza oral de su mascota y lo ayuda a evitar infecciones bucales a temprana edad
Puede generar salivación, la cual resulta benéfica ya que ayuda a eliminar gérmenes, bacterias y restos de comida de la dentadura de su mascota
El bote irregular de la Crazy Bounce permite despertar el interés provocando movimientos y reacciones rápidas que lo llevan a emocionarse durante largos periodos
Beneficia su ejercitación y fortalecimiento muscular en gran proporción y lo mantienen mucho más saludable y en las mejores condiciones
Por su forma, la Crazy Bounce se mantiene en movimiento por más tiempo, así que su mascota puede pasar horas tratando de sacar los premios sin que la pelota se quede estática",https://articulo.mercadolibre.com.mx/MLM-809402256-pelota-rellenable-de-hule-natural-para-perro-ch-marca-4fb-_JM,"https://i.ibb.co/CVf1KKx/3320RJ-1.jpg
https://i.ibb.co/m5N7S7g/3320RJ-2.jpg
https://i.ibb.co/Rp066L9/3320RJ-3.jpg
https://i.ibb.co/5nhgpCJ/3320RJ-4.jpg",4BF,PELOTA RELLENABLE PARA PERRO,
Pelota Rellenable De Hule Natural Para Perro Ch Marca 4fb (Naranja),3372NJ,"Fabricada con hule natural
Producto 100% Mexicano
Pelota para rellenar con premios y croquetas
Bote irregular debido a las diferentes densidades de hule natural distribuido en su circunferencia
Disponible en varios colores y tamaños
Fácil de limpiar
Materiales no tóxicos, libre de Ftalatos
No daña la dentadura de tu mascota

**INDICACIONES:
Rellene con el snack preferido de su mascota
Puede rellenar con croquetas y alimento húmedo
Una forma deliciosa y divertida de entretener a tu mascota, es untar en el interior de la Crazy Bounce, un poco de crema de maní, meterla una noche antes al congelador y al día siguiente dársela. Pasará horas derritiendo su delicioso premio
Usar bajo supervisión, la garantía puede no ser válida en caso de que el juguete se use con una mascota de tamaño diferente al especificado
Lavar después de cada uso
De preferencia no dejar el producto expuesto al sol por largos periodos de tiempo, cuando no esté en uso, esto beneficiará su durabilidad
Tamaño ideal para razas pequeñas y cachorros
Es un juguete para perros, no apto para niños

**BENEFICIOS.
""El hule natural ayuda en la limpieza oral de su mascota y lo ayuda a evitar infecciones bucales a temprana edad
Puede generar salivación, la cual resulta benéfica ya que ayuda a eliminar gérmenes, bacterias y restos de comida de la dentadura de su mascota
El bote irregular de la Crazy Bounce permite despertar el interés provocando movimientos y reacciones rápidas que lo llevan a emocionarse durante largos periodos
Beneficia su ejercitación y fortalecimiento muscular en gran proporción y lo mantienen mucho más saludable y en las mejores condiciones
Por su forma, la Crazy Bounce se mantiene en movimiento por más tiempo, así que su mascota puede pasar horas tratando de sacar los premios sin que la pelota se quede estática",https://articulo.mercadolibre.com.mx/MLM-809402256-pelota-rellenable-de-hule-natural-para-perro-ch-marca-4fb-_JM,"https://i.ibb.co/tM07SNh/3372nj-1.jpg
https://i.ibb.co/nsZXyvs/3372nj-2.jpg
https://i.ibb.co/9n1KG21/3372nj-3.jpg
https://i.ibb.co/QJpSq17/3372nj-4.jpg",4BF,PELOTA RELLENABLE PARA PERRO,
Pelota Rellenable De Hule Natural Para Perro Mediana Marca 4fb (Verde),3325VD,"Marca	4BF FOR BEST FRIENDS
Color	Verde
Material	Caucho natural
Nombre del modelo	7501024433254
Acerca de este artículo
Fabricada con hule natural
Producto 100% Mexicano
Pelota para rellenar con premios y croquetas, única con bote irregular
Disponible en varios colores y tamaños
Materiales no tóxicos, libre de ftalatos",https://www.amazon.com.mx/dp/B0713THF55?ref=myi_title_dp,"https://i.ibb.co/Jsx2CqR/3325VD-1.jpg
https://i.ibb.co/6FcC3wT/3325VD-2.png
https://i.ibb.co/dPxMhvk/3325VD-3.jpg
https://i.ibb.co/vz0WS1j/3325VD-4.jpg
https://i.ibb.co/S3vr3Fw/3325VD-5.jpg",4BF,PELOTA RELLENABLE PARA PERRO,
Pelota Rellenable De Hule Natural Para Perro Mediana Marca 4fb (Rojo),3326RJ,"Marca	4BF FOR BEST FRIENDS
Color	Rojo
Material	Caucho natural
Nombre del modelo	7501024433254
Acerca de este artículo
Fabricada con hule natural
Producto 100% Mexicano
Pelota para rellenar con premios y croquetas, única con bote irregular
Disponible en varios colores y tamaños
Materiales no tóxicos, libre de ftalatos",https://www.amazon.com.mx/dp/B072BCLMPQ?ref=myi_title_dp,"https://i.ibb.co/cwZCh4B/3326RJ-1.jpg
https://i.ibb.co/r7YX72L/3326RJ-2.jpg
https://i.ibb.co/QF8KJ0S/3326RJ-3.png
https://i.ibb.co/TPGfpg4/3326RJ-4.jpg
https://i.ibb.co/ZL2Nq84/3326RJ-5.jpg
https://i.ibb.co/wYsP82b/3326RJ-6.jpg",4BF,PELOTA RELLENABLE PARA PERRO,
Pelota Rellenable De Hule Natural Para Perro Mediana Marca 4fb (Naranja),3373NJ,"Marca	4BF FOR BEST FRIENDS
Color	Naranja
Material	Caucho natural
Nombre del modelo	7501024433254
Acerca de este artículo
Fabricada con hule natural
Producto 100% Mexicano
Pelota para rellenar con premios y croquetas, única con bote irregular
Disponible en varios colores y tamaños
Materiales no tóxicos, libre de ftalatos",https://www.amazon.com.mx/4BF-Natural-rellenble-Mediana-Colores/dp/B07PVCYHS2/ref=sr_1_7?keywords=Crazy+Bounce&qid=1701115279&sr=8-7&ufe=app_do%3Aamzn1.fos.4e545b5e-1d45-498b-8193-a253464ffa47,"https://i.ibb.co/2hbw52S/3373NJ-1.jpg
https://i.ibb.co/m88tjrJ/3373NJ-2.jpg
https://i.ibb.co/JFp167W/3373NJ-3.jpg
https://i.ibb.co/kg6PWR8/3373NJ-4.jpg",4BF,PELOTA RELLENABLE PARA PERRO,
Pelota Rellenable De Hule Natural Para Perro Grande Marca 4fb (Azul),3330AZ,"Fabricada con hule natural
Producto 100% Mexicano
Pelota para rellenar con premios y croquetas
Bote irregular debido a las diferentes densidades de hule natural distribuido en su circunferencia
Disponible en varios colores y tamaños
Fácil de limpiar
Materiales no tóxicos, libre de Ftalatos
No daña la dentadura de tu mascota

**INDICACIONES:
Rellene con el snack preferido de su mascota
Puede rellenar con croquetas y alimento húmedo
Una forma deliciosa y divertida de entretener a tu mascota, es untar en el interior de la Crazy Bounce, un poco de crema de maní, meterla una noche antes al congelador y al día siguiente dársela. Pasará horas derritiendo su delicioso premio
Usar bajo supervisión, la garantía puede no ser válida en caso de que el juguete se use con una mascota de tamaño diferente al especificado
Lavar después de cada uso
De preferencia no dejar el producto expuesto al sol por largos periodos de tiempo, cuando no esté en uso, esto beneficiará su durabilidad
Tamaño ideal para razas grandes
Es un juguete para perros, no apto para niños

**BENEFICIOS:
El hule natural ayuda en la limpieza oral de su mascota y lo ayuda a evitar infecciones bucales a temprana edad
Puede generar salivación, la cual resulta benéfica ya que ayuda a eliminar gérmenes, bacterias y restos de comida de la dentadura de su mascota
El bote irregular de la Crazy Bounce permite despertar el interés provocando movimientos y reacciones rápidas que lo llevan a emocionarse durante largos periódos
Beneficia su ejercitación y fortalecimiento muscular en gran proporción y lo mantien mucho más saludable y en las mejores condiciones
Por su forma, la Crazy Bounce se mantiene en movimiento por más tiempo, así que su mascota puede pasar horas tratando de sacar los premios sin que la pelota se quede estática",https://articulo.mercadolibre.com.mx/MLM-809904634-pelota-rellenable-de-hule-natural-para-perro-gde-marca-4fb-_JM,"https://i.ibb.co/r59mG1h/3330AZ-1.jpg
https://i.ibb.co/4Z8G62f/3330AZ-2.jpg
https://i.ibb.co/CvVQFws/3330AZ-3.jpg
https://i.ibb.co/SQYPpLG/3330AZ-4.jpg
https://i.ibb.co/n7SDzSP/3330AZ-5.jpg
https://i.ibb.co/xzNcQG7/3330AZ-6.jpg",4BF,PELOTA RELLENABLE PARA PERRO,
Pelota Rellenable De Hule Natural Para Perro Grande Marca 4fb (Verde),3331VD,"Fabricada con hule natural
Producto 100% Mexicano
Pelota para rellenar con premios y croquetas
Bote irregular debido a las diferentes densidades de hule natural distribuido en su circunferencia
Disponible en varios colores y tamaños
Fácil de limpiar
Materiales no tóxicos, libre de Ftalatos
No daña la dentadura de tu mascota

**INDICACIONES:
Rellene con el snack preferido de su mascota
Puede rellenar con croquetas y alimento húmedo
Una forma deliciosa y divertida de entretener a tu mascota, es untar en el interior de la Crazy Bounce, un poco de crema de maní, meterla una noche antes al congelador y al día siguiente dársela. Pasará horas derritiendo su delicioso premio
Usar bajo supervisión, la garantía puede no ser válida en caso de que el juguete se use con una mascota de tamaño diferente al especificado
Lavar después de cada uso
De preferencia no dejar el producto expuesto al sol por largos periodos de tiempo, cuando no esté en uso, esto beneficiará su durabilidad
Tamaño ideal para razas grandes
Es un juguete para perros, no apto para niños

**BENEFICIOS:
El hule natural ayuda en la limpieza oral de su mascota y lo ayuda a evitar infecciones bucales a temprana edad
Puede generar salivación, la cual resulta benéfica ya que ayuda a eliminar gérmenes, bacterias y restos de comida de la dentadura de su mascota
El bote irregular de la Crazy Bounce permite despertar el interés provocando movimientos y reacciones rápidas que lo llevan a emocionarse durante largos periódos
Beneficia su ejercitación y fortalecimiento muscular en gran proporción y lo mantien mucho más saludable y en las mejores condiciones
Por su forma, la Crazy Bounce se mantiene en movimiento por más tiempo, así que su mascota puede pasar horas tratando de sacar los premios sin que la pelota se quede estática",https://articulo.mercadolibre.com.mx/MLM-809904634-pelota-rellenable-de-hule-natural-para-perro-gde-marca-4fb-_JM,"https://i.ibb.co/y5RgwQn/3331VD-1.jpg
https://i.ibb.co/QPmh1Fd/3331VD-2.jpg
https://i.ibb.co/rQ2vbrh/3331VD-3.jpg
https://i.ibb.co/fpyvbZ1/3331VD-4.jpg",4BF,PELOTA RELLENABLE PARA PERRO,
Pelota Rellenable De Hule Natural Para Perro Grande Marca 4fb (Rojo),3332RJ,"Fabricada con hule natural
Producto 100% Mexicano
Pelota para rellenar con premios y croquetas
Bote irregular debido a las diferentes densidades de hule natural distribuido en su circunferencia
Disponible en varios colores y tamaños
Fácil de limpiar
Materiales no tóxicos, libre de Ftalatos
No daña la dentadura de tu mascota

**INDICACIONES:
Rellene con el snack preferido de su mascota
Puede rellenar con croquetas y alimento húmedo
Una forma deliciosa y divertida de entretener a tu mascota, es untar en el interior de la Crazy Bounce, un poco de crema de maní, meterla una noche antes al congelador y al día siguiente dársela. Pasará horas derritiendo su delicioso premio
Usar bajo supervisión, la garantía puede no ser válida en caso de que el juguete se use con una mascota de tamaño diferente al especificado
Lavar después de cada uso
De preferencia no dejar el producto expuesto al sol por largos periodos de tiempo, cuando no esté en uso, esto beneficiará su durabilidad
Tamaño ideal para razas grandes
Es un juguete para perros, no apto para niños

**BENEFICIOS:
El hule natural ayuda en la limpieza oral de su mascota y lo ayuda a evitar infecciones bucales a temprana edad
Puede generar salivación, la cual resulta benéfica ya que ayuda a eliminar gérmenes, bacterias y restos de comida de la dentadura de su mascota
El bote irregular de la Crazy Bounce permite despertar el interés provocando movimientos y reacciones rápidas que lo llevan a emocionarse durante largos periódos
Beneficia su ejercitación y fortalecimiento muscular en gran proporción y lo mantien mucho más saludable y en las mejores condiciones
Por su forma, la Crazy Bounce se mantiene en movimiento por más tiempo, así que su mascota puede pasar horas tratando de sacar los premios sin que la pelota se quede estática",https://articulo.mercadolibre.com.mx/MLM-809904634-pelota-rellenable-de-hule-natural-para-perro-gde-marca-4fb-_JM,"https://i.ibb.co/LStcp0Q/3332RJ-4.jpg
https://i.ibb.co/mybrkFr/3332RJ-3.jpg
https://i.ibb.co/QH1JWQ4/3332RJ-2.jpg
https://i.ibb.co/ZW7wx9P/3332RJ-1.jpg",4BF,PELOTA RELLENABLE PARA PERRO,
Pelota Rellenable De Hule Natural Para Perro Grande Marca 4fb (Naranja),3374NJ,"Fabricada con hule natural
Producto 100% Mexicano
Pelota para rellenar con premios y croquetas
Bote irregular debido a las diferentes densidades de hule natural distribuido en su circunferencia
Disponible en varios colores y tamaños
Fácil de limpiar
Materiales no tóxicos, libre de Ftalatos
No daña la dentadura de tu mascota

**INDICACIONES:
Rellene con el snack preferido de su mascota
Puede rellenar con croquetas y alimento húmedo
Una forma deliciosa y divertida de entretener a tu mascota, es untar en el interior de la Crazy Bounce, un poco de crema de maní, meterla una noche antes al congelador y al día siguiente dársela. Pasará horas derritiendo su delicioso premio
Usar bajo supervisión, la garantía puede no ser válida en caso de que el juguete se use con una mascota de tamaño diferente al especificado
Lavar después de cada uso
De preferencia no dejar el producto expuesto al sol por largos periodos de tiempo, cuando no esté en uso, esto beneficiará su durabilidad
Tamaño ideal para razas grandes
Es un juguete para perros, no apto para niños

**BENEFICIOS:
El hule natural ayuda en la limpieza oral de su mascota y lo ayuda a evitar infecciones bucales a temprana edad
Puede generar salivación, la cual resulta benéfica ya que ayuda a eliminar gérmenes, bacterias y restos de comida de la dentadura de su mascota
El bote irregular de la Crazy Bounce permite despertar el interés provocando movimientos y reacciones rápidas que lo llevan a emocionarse durante largos periódos
Beneficia su ejercitación y fortalecimiento muscular en gran proporción y lo mantien mucho más saludable y en las mejores condiciones
Por su forma, la Crazy Bounce se mantiene en movimiento por más tiempo, así que su mascota puede pasar horas tratando de sacar los premios sin que la pelota se quede estática",https://articulo.mercadolibre.com.mx/MLM-809904634-pelota-rellenable-de-hule-natural-para-perro-gde-marca-4fb-_JM,"https://i.ibb.co/bz1FFRq/3374NJ-1.jpg
https://i.ibb.co/sJXGzck/3374NJ-2.jpg
https://i.ibb.co/sP4jP8Y/3374NJ-3.jpg
https://i.ibb.co/d2PcHtH/3374NJ-4.jpg",4BF,PELOTA RELLENABLE PARA PERRO,
Pelota Rellenable De Hule Natural Para Perro Jumbo Marca 4fb (Rosa),3335RS,"Marca	4BF FOR BEST FRIENDS
Color	rosa
Material	Caucho natural
Nombre del modelo	7501024433353
Acerca de este artículo
Fabricada con hule natural
Producto 100% Mexicano
Pelota para rellenar con premios y croquetas, única con bote irregular
Materiales no tóxicos, libre de Ftalatos
disponible en varios colores y tamaños",https://www.amazon.com.mx/dp/B08KGZBCLT?ref=myi_title_dp&th=1,"https://i.ibb.co/ZKLTVHX/3335rs-1.jpg
https://i.ibb.co/mGrnrjC/3335rs-2.jpg
https://i.ibb.co/qRLH5pD/3335rs-3.jpg
https://i.ibb.co/G03Sz96/3335rs-4.jpg",4BF,PELOTA RELLENABLE PARA PERRO,
Pelota Rellenable De Hule Natural Para Perro Jumbo Marca 4fb (Azul),3336AZ,"Marca	4BF FOR BEST FRIENDS
Color	rosa
Material	Caucho natural
Nombre del modelo	7501024433353
Acerca de este artículo
Fabricada con hule natural
Producto 100% Mexicano
Pelota para rellenar con premios y croquetas, única con bote irregular
Materiales no tóxicos, libre de Ftalatos
disponible en varios colores y tamaños",https://www.amazon.com.mx/dp/B08KGZBCLT?ref=myi_title_dp&th=1,"https://i.ibb.co/87fLV5n/3336AZ-1.jpg
https://i.ibb.co/HGpy0x5/3336AZ-2.jpg
https://i.ibb.co/gjhXS5z/3336AZ-3.jpg
https://i.ibb.co/qCxxHNz/3336AZ-4.jpg
https://i.ibb.co/zVkSqzf/3336AZ-5.jpg
https://i.ibb.co/SxMp89g/3336AZ-6.jpg",4BF,PELOTA RELLENABLE PARA PERRO,
Pelota Rellenable De Hule Natural Para Perro Jumbo Marca 4fb (Verde),3337VD,"Marca	4BF FOR BEST FRIENDS
Color	rosa
Material	Caucho natural
Nombre del modelo	7501024433353
Acerca de este artículo
Fabricada con hule natural
Producto 100% Mexicano
Pelota para rellenar con premios y croquetas, única con bote irregular
Materiales no tóxicos, libre de Ftalatos
disponible en varios colores y tamaños",https://www.amazon.com.mx/dp/B08KGZBCLT?ref=myi_title_dp&th=1,"https://i.ibb.co/8nC6Cmz/3337VD-1.jpg
https://i.ibb.co/sbsZVWF/3337VD-2.jpg
https://i.ibb.co/PM3ZJGd/3337VD-3.jpg
https://i.ibb.co/xGfkfjN/3337VD-4.jpg",4BF,PELOTA RELLENABLE PARA PERRO,
Pelota Rellenable De Hule Natural Para Perro Jumbo Marca 4fb (Rojo),3338RJ,"Marca	4BF FOR BEST FRIENDS
Color	rosa
Material	Caucho natural
Nombre del modelo	7501024433353
Acerca de este artículo
Fabricada con hule natural
Producto 100% Mexicano
Pelota para rellenar con premios y croquetas, única con bote irregular
Materiales no tóxicos, libre de Ftalatos
disponible en varios colores y tamaños",https://www.amazon.com.mx/dp/B08KGZBCLT?ref=myi_title_dp&th=1,"https://i.ibb.co/GvfJdJJ/3338RJ-1.jpg
https://i.ibb.co/bLfrFLZ/3338RJ-2.jpg
https://i.ibb.co/TtvJtK5/3338RJ-3.jpg
https://i.ibb.co/NW4WdjK/3338RJ-4.jpg",4BF,PELOTA RELLENABLE PARA PERRO,
Pelota Rellenable De Hule Natural Para Perro Jumbo Marca 4fb (Naranja),3375NJ,"Marca	4BF FOR BEST FRIENDS
Color	rosa
Material	Caucho natural
Nombre del modelo	7501024433353
Acerca de este artículo
Fabricada con hule natural
Producto 100% Mexicano
Pelota para rellenar con premios y croquetas, única con bote irregular
Materiales no tóxicos, libre de Ftalatos
disponible en varios colores y tamaños",https://www.amazon.com.mx/dp/B08KGZBCLT?ref=myi_title_dp&th=1,"https://i.ibb.co/zfTndHj/3375NJ-1.jpg
https://i.ibb.co/JrVGFF5/3375NJ-2.jpg
https://i.ibb.co/R6p9W96/3375NJ-3.jpg
https://i.ibb.co/cXSQDfg/3375NJ-4.jpg",4BF,PELOTA RELLENABLE PARA PERRO,
"Juguete Mordible de Hule con Cuerda para Perro Tugging Bone (Rosa, Morado)",3347RS,"Especies objetivo	Perro
Recomendación de raza	Small Breeds
Marca	4BF FOR BEST FRIENDS
Color	Rosa, Morado
Material	Nailon
Acerca de este artículo
Producto 100% Mexicano
Fabricado con materiales naturales que nos son tóxicos para tu mascota y están libres de Ftalatos
Ideal para entrenar y educar a tu mascota en casa y hacerle saber qué puede morder y qué no
Ejercita constantemente sus músculos lo que provoca su propio fortalecimiento y mejora su salud
La cuerda del juguete permite que la dentificación de su mascota elimine constantemente residuos provocados por los alimentos que consume a diario, lo que previene infecciones y y molestias desde tempranas edades",https://www.amazon.com.mx/dp/B08KS19VYW?ref=myi_title_dp&th=1,"https://i.ibb.co/vLYj6PG/3347RS-1.png
https://i.ibb.co/prF12LS/3347RS-2.png
https://i.ibb.co/kSCnjfj/3347RS-3.png
https://i.ibb.co/bXmMcjx/3347RS.png
https://i.ibb.co/bXmMcjx/3347RS.png",4BF,JUGUETE PARA PERRO,
"Juguete Mordible de Hule con Cuerda para Perro Tugging Bone (Azul, Rojo)",3348AZ,"Especies objetivo	Perro
Recomendación de raza	Small Breeds
Marca	4BF FOR BEST FRIENDS
Color	Azul, Rojo
Material	Nailon
Acerca de este artículo
Producto 100% Mexicano
Fabricado con materiales naturales que nos son tóxicos para tu mascota y están libres de Ftalatos
Ideal para entrenar y educar a tu mascota en casa y hacerle saber qué puede morder y qué no
Ejercita constantemente sus músculos lo que provoca su propio fortalecimiento y mejora su salud
La cuerda del juguete permite que la dentificación de su mascota elimine constantemente residuos provocados por los alimentos que consume a diario, lo que previene infecciones y y molestias desde tempranas edades",https://www.amazon.com.mx/dp/B08KRV93XF?ref=myi_title_dp&th=1,"https://i.ibb.co/cFPbB5g/3348AZ-1.png
https://i.ibb.co/ccBvjGp/3348AZ-2.png",4BF,JUGUETE PARA PERRO,
Juguete Mordible de Hule con Cuerda para Perro Tugging Bone (Verde),3349VD,"Marca	4BF FOR BEST FRIENDS
Color	Verde
Material	Nailon
Nombre del modelo	7501024433490
Cantidad de unidades	1 unidad
Acerca de este artículo
Producto 100% Mexicano
Fabricado con materiales naturales que nos son tóxicos para tu mascota y están libres de Ftalatos
Ideal para entrenar y educar a tu mascota en casa y hacerle saber qué puede morder y qué no
Ejercita constantemente sus músculos lo que provoca su propio fortalecimiento y mejora su salud
La cuerda del juguete permite que la dentificación de su mascota elimine constantemente residuos provocados por los alimentos que consume a diario, lo que previene infecciones y y molestias desde tempranas edades",https://www.amazon.com.mx/dp/B08KRHBMCZ?ref=myi_title_dp&th=1,"https://i.ibb.co/C5H4mtr/3349VD-4.png
https://i.ibb.co/C095s5M/3349VD-3.png
https://i.ibb.co/5Kfpxqh/3349VD-2.png
https://i.ibb.co/W34m3Hd/3349VD-1.png",4BF,JUGUETE PARA PERRO,
Juguete Mordible de Hule con Cuerda para Perro Tugging Bone (Naranja),3377NJ,"Especies objetivo	Perro
Recomendación de raza	Small Breeds
Marca	4BF FOR BEST FRIENDS
Color	Naranja
Material	Nailon
Acerca de este artículo
Producto 100% Mexicano
Fabricado con materiales naturales que nos son tóxicos para tu mascota y están libres de Ftalatos
Ideal para entrenar y educar a tu mascota en casa y hacerle saber qué puede morder y qué no
Ejercita constantemente sus músculos lo que provoca su propio fortalecimiento y mejora su salud
La cuerda del juguete permite que la dentificación de su mascota elimine constantemente residuos provocados por los alimentos que consume a diario, lo que previene infecciones y y molestias desde tempranas edades",https://www.amazon.com.mx/dp/B07PXG62HX?ref=myi_title_dp&th=1,"https://i.ibb.co/X3xb8Tt/3377NJ-1.png
https://i.ibb.co/3zn2RQn/3377NJ-2.png
https://i.ibb.co/pd7PznL/3377NJ-3.png",4BF,JUGUETE PARA PERRO,
"Juguete Mordible de Hule con Cuerda para Perro Tugging Star (Rosa, Morado)",3353RS,"Especies objetivo	Perro
Recomendación de raza	Medium Breeds
Marca	4BF FOR BEST FRIENDS
Uso en interiores y exteriores	Interior, Exterior
Color	Rosa, Morado
Acerca de este artículo
Elaborado con materiales no tóxicos y libre de Ftalatos
Producto 100% Mexicano
La cuerda del juguete le permite a tu mascota a mantener una mejor salud bucal
Diseñado para lograr una mejor interacción con tu mascota
Los músculos de tu mascota se estimulan correctamente, gracias a la ejercitación que implica jugar con el Tugging Star",https://www.amazon.com.mx/dp/B07NLLLS1T?ref=myi_title_dp&th=1,"https://i.ibb.co/SNc22T9/3353RS-1.png
https://i.ibb.co/ykSb3sD/3353RS-2.png
https://i.ibb.co/fHwFrfL/3353RS-3.png
https://i.ibb.co/Ns5kQJg/3353RS-4.png
https://i.ibb.co/TY5SCsX/3353RS-5.png
https://i.ibb.co/8xKb4hV/3353RS-6.png",4BF,JUGUETE PARA PERRO,